<?xml version="1.0" encoding="UTF-8"?>
<window>
    <!-- 1280 x 720 -->
    <animation type="WindowOpen" reversible="false">
        <effect type="zoom" start="80" end="100" center="50%,50%" delay="160" tween="back" time="240"/>
        <effect type="fade" delay="160" end="100" time="240"/>
    </animation>
    <animation type="WindowClose" reversible="false">
        <effect type="zoom" start="100" end="80" center="50%,50%" easing="in" tween="back" time="240"/>
        <effect type="fade" start="100" end="0" time="240"/>
    </animation>
    <depth>0.40</depth>
    <defaultcontrol always="true">32500</defaultcontrol>
    <controls>
        <control type="group">
            <!-- Background -->
            <control type="image">
                <left>0</left>
                <top>0</top>
                <width>1280</width>
                <height>720</height>
                <texture colordiffuse="F0F0F0F0">AddonWindow/black.png</texture>
            </control>

            <control type="button" id="32500">
                <!-- Close button -->
                <left>1210</left>
                <top>30</top>
                <width>32</width>
                <height>32</height>
                <texturefocus colordiffuse="FF12A0C7">Button/close.png</texturefocus>
                <texturenofocus colordiffuse="EEFFFFFF">Button/close.png</texturenofocus>
                <ondown>32502</ondown>
            </control>

            <control type="label" id="32501">
                <!-- Window title -->
                <left>140</left>
                <top>30</top>
                <width>1000</width>
                <height>30</height>
                <font>font14</font>
                <align>center</align>
                <aligny>center</aligny>
                <scroll>true</scroll>
                <textcolor>white</textcolor>
                <shadowcolor>AA000000</shadowcolor>
            </control>

            <control type="scrollbar" id="32502">
                <!-- Scrollbar -->
                <left>1225</left>
                <top>100</top>
                <width>10</width>
                <height>580</height>
                <texturesliderbackground colordiffuse="29FFFFFF">AddonWindow/white.png</texturesliderbackground>
                <texturesliderbar colordiffuse="FFAAAAAA">AddonWindow/white.png</texturesliderbar>
                <texturesliderbarfocus colordiffuse="FF12A0C7">AddonWindow/white.png</texturesliderbarfocus>
                <textureslidernib/>
                <textureslidernibfocus/>
                <onup>32500</onup>
                <showonepage>false</showonepage>
                <orientation>vertical</orientation>
            </control>

            <control type="textbox" id="32503">
                <!-- Text Box -->
                <left>45</left>
                <top>100</top>
                <width>1150</width>
                <height>580</height>
                <visible>true</visible>
                <colordiffuse>FFFFFFFF</colordiffuse>
                <font>font13</font>
                <textcolor>FFFFFFFF</textcolor>
                <pagecontrol>32502</pagecontrol>
                <align>left</align>
            </control>
        </control>
    </controls>
</window>
