<?xml version="1.0" encoding="UTF-8"?>
<window type="dialog">
    <defaultcontrol always="true">9000</defaultcontrol>
    <coordinates>
        <system>1</system>
        <posx>0</posx>
        <posy>0</posy>
    </coordinates>

    <controls>
        <!-- 1. Fundo Dimmer (IGUAL AO CONTATO) -->
        <control type="image">
            <posx>0</posx>
            <posy>0</posy>
            <width>1920</width>
            <height>1080</height>
            <texture colordiffuse="F2000000">colors/black.png</texture> 
        </control>

        <!-- 2. Painel de Fundo Sólido (DIMENSÕES EXATAS DO CONTATO) -->
        <control type="image">
            <posx>410</posx>
            <posy>165</posy>
            <width>1100</width>
            <height>750</height>
            <texture colordiffuse="ff181818">white.png</texture>
        </control>

        <!-- 3. Título do Canal (Topo) -->
        <control type="label" id="101">
            <posx>440</posx>
            <posy>200</posy>
            <width>1040</width>
            <height>40</height>
            <font>font30_title</font>
            <textcolor>gold</textcolor>
            <align>center</align>
            <label>Carregando...</label>
            <shadowcolor>FF000000</shadowcolor>
        </control>

        <!-- 4. Ícone do Canal (Lado Esquerdo - Ajustado para caber na caixa) -->
        <control type="image" id="100">
            <posx>440</posx>
            <posy>260</posy>
            <width>220</width>
            <height>220</height>
            <aspectratio align="center" aligny="center">keep</aspectratio>
            <texture fallback="DefaultVideo.png"></texture>
            <bordertexture border="2">white.png</bordertexture>
            <bordersize>1</bordersize>
        </control>

        <!-- 5. Info do Programa Atual (Lado Direito do Ícone) -->
        <control type="group">
            <posx>680</posx>
            <posy>260</posy>
            <width>790</width>
            <height>220</height>

            <!-- Nome do Programa -->
            <control type="label" id="102">
                <posx>0</posx>
                <posy>0</posy>
                <width>790</width>
                <height>30</height>
                <font>font13_title</font>
                <textcolor>lime</textcolor>
                <label></label>
                <shadowcolor>FF000000</shadowcolor>
            </control>

            <!-- Sinopse (Igual textbox do contato) -->
            <control type="textbox" id="103">
                <posx>0</posx>
                <posy>35</posy>
                <width>790</width>
                <height>180</height>
                <font>font12</font>
                <textcolor>white</textcolor>
                <align>justify</align>
                <autoscroll>false</autoscroll>
                <label></label>
            </control>
        </control>

        <!-- 6. Linha Divisória -->
        <control type="image">
            <posx>440</posx>
            <posy>500</posy>
            <width>1040</width>
            <height>2</height>
            <texture colordiffuse="FF555555">white.png</texture>
        </control>

        <!-- 7. Lista de Próximos (Embaixo) -->
        <control type="list" id="200">
            <posx>440</posx>
            <posy>520</posy>
            <width>1040</width>
            <height>280</height>
            <onup>9000</onup>
            <ondown>9000</ondown>
            <pagecontrol>60</pagecontrol>
            <scrolltime>200</scrolltime>
            
            <itemlayout height="45">
                <control type="label">
                    <posx>10</posx>
                    <posy>0</posy>
                    <width>1000</width>
                    <height>45</height>
                    <font>font12</font>
                    <textcolor>FFAAAAAA</textcolor>
                    <aligny>center</aligny>
                    <label>$INFO[ListItem.Label]</label>
                </control>
            </itemlayout>
            
            <focusedlayout height="45">
                <control type="image">
                    <width>1040</width>
                    <height>45</height>
                    <texture colordiffuse="ff303030">white.png</texture>
                </control>
                <control type="label">
                    <posx>10</posx>
                    <posy>0</posy>
                    <width>1000</width>
                    <height>45</height>
                    <font>font13_title</font>
                    <textcolor>gold</textcolor>
                    <aligny>center</aligny>
                    <shadowcolor>FF000000</shadowcolor>
                    <label>$INFO[ListItem.Label]</label>
                </control>
            </focusedlayout>
        </control>

        <!-- 8. Botões (Baseado no ID 3000 do contato) -->
        <control type="group">
            <posx>560</posx>
            <posy>835</posy> <!-- Mesma altura do botão fechar do contato -->
            
            <!-- Botão Assistir (VERDE NO FOCO) -->
            <control type="button" id="9000">
                <posx>0</posx>
                <posy>0</posy>
                <width>380</width>
                <height>50</height>
                <onleft>9001</onleft>
                <onright>9001</onright>
                <onup>200</onup>
                <ondown>200</ondown>
                
                <!-- Fundo Normal (Cinza Escuro) -->
                <texturenofocus colordiffuse="ff606060" border="5">white.png</texturenofocus>
                <!-- Fundo Focado (VERDE NEON) -->
                <texturefocus colordiffuse="FF00FF00" border="5">white.png</texturefocus>
                
                <label>ASSISTIR AGORA</label>
                <font>font13_title</font>
                <align>center</align>
                
                <textcolor>ffffffff</textcolor>
                <focusedcolor>FF00FF00</focusedcolor> <!-- Texto Preto no Verde -->
            </control>

            <!-- Botão Fechar (VERMELHO NO FOCO) -->
            <control type="button" id="9001">
                <posx>420</posx>
                <posy>0</posy>
                <width>380</width>
                <height>50</height>
                <onleft>9000</onleft>
                <onright>9000</onright>
                <onup>200</onup>
                <ondown>200</ondown>
                
                <texturenofocus colordiffuse="ff606060" border="5">white.png</texturenofocus>
                <texturefocus colordiffuse="FFFF0000" border="5">white.png</texturefocus> <!-- Vermelho -->
                
                <label>FECHAR</label>
                <font>font13_title</font>
                <align>center</align>
                <textcolor>ffffffff</textcolor>
                <focusedcolor>ffffffff</focusedcolor>
            </control>
        </control>

    </controls>
</window>