<?xml version="1.0" encoding="UTF-8"?>
<window type="dialog"> 
    <defaultcontrol always="true">100</defaultcontrol>
    <coordinates>
        <system>1</system>
        <posx>0</posx>
        <posy>0</posy>
    </coordinates>

    <controls>
        <!-- 1. Fundo Dimmer (IGUAL AO SEU PADRÃO) -->
        <control type="image">
            <posx>0</posx>
            <posy>0</posy>
            <width>1920</width>
            <height>1080</height>
            <texture colordiffuse="F2000000">colors/black.png</texture>
        </control>

        <!-- 2. Painel de Fundo Sólido (IGUAL AO SEU PADRÃO: 1100x750 @ 410, 165) -->
        <control type="image">
            <posx>410</posx>
            <posy>165</posy>
            <width>1100</width>
            <height>750</height>
            <texture colordiffuse="ff181818">white.png</texture>
        </control>

        <!-- CONTROLES DO PROGRESS BAR (CENTRALIZADOS NO PAINEL) -->
        
        <!-- 3. Título/Heading (ID 100) - Centralizado no painel -->
        <control type="label" id="100">
            <posx>410</posx>
            <posy>265</posy>
            <width>1100</width>
            <height>40</height>
            <font>font30_title</font>
            <textcolor>gold</textcolor>
            <align>center</align>
            <label>$INFO[Window.Property(heading)]</label>
        </control>

        <!-- 4. Logo Centralizado (Para replicar a imagem do loading) -->
        <control type="image">
            <posx>860</posx> <!-- 410 + (1100/2) - 50 -->
            <posy>320</posy>
            <width>200</width> <!-- Aumentei a imagem para ficar visível -->
            <height>200</height>
            <texture>$INFO[Window.Property(logo_path)]</texture>
            <aspectratio>keep</aspectratio>
        </control>
        
        <!-- 5. Mensagem de Status (ID 101) - Ex: "INICIANDO CONEXÃO..." -->
        <control type="label" id="101">
            <posx>410</posx>
            <posy>550</posy>
            <width>1100</width>
            <height>30</height>
            <font>font12</font>
            <textcolor>white</textcolor>
            <align>center</align>
            <label>$INFO[Window.Property(message)]</label>
        </control>

        <!-- 6. Barra de Progresso - Background (Centralizada) -->
        <control type="image">
            <posx>460</posx> <!-- 410 + 50 -->
            <posy>610</posy>
            <width>1000</width>
            <height>20</height>
            <texture colordiffuse="FF404040">white.png</texture>
        </control>
        
        <!-- 7. Barra de Progresso - Preenchimento (Verde) -->
        <control type="image" id="102">
            <posx>460</posx>
            <posy>610</posy>
            <!-- A LARGURA SERÁ SETADA EM PYTHON DE 0 A 1000 -->
            <width>$INFO[Window.Property(progress_width)]</width> 
            <height>20</height>
            <texture colordiffuse="FF00FF00">white.png</texture>
        </control>
        
        <!-- 8. Porcentagem (ID 103) -->
        <control type="label" id="103">
            <posx>410</posx>
            <posy>650</posy>
            <width>1100</width>
            <height>30</height>
            <font>font12</font>
            <textcolor>gold</textcolor>
            <align>center</align>
            <label>$INFO[Window.Property(percent)]%</label>
        </control>
        
        <!-- Botão/Controle Invisível para receber foco e tratar o ESC/VOLTAR -->
        <control type="button" id="1000">
            <posx>0</posx>
            <posy>0</posy>
            <width>1</width>
            <height>1</height>
            <visible>false</visible>
        </control>

    </controls>
</window>