<?xml version="1.0" encoding="UTF-8"?>
<window type="dialog" id="14001">
    <defaultcontrol always="true">9000</defaultcontrol>
    <coordinates><system>1</system><posx>0</posx><posy>0</posy></coordinates>
    
    <animation type="WindowOpen" reversible="false">
        <effect type="zoom" center="auto" start="80" end="100" time="300" tween="back" easing="out" />
        <effect type="fade" start="0" end="100" time="300" />
    </animation>

    <controls>
        <control type="image">
            <posx>0</posx><posy>0</posy><width>1920</width><height>1080</height>
            <texture colordiffuse="F0000000">colors/black.png</texture>
        </control>
        
        <control type="group">
            <posx>560</posx><posy>140</posy><width>800</width><height>800</height>

            <control type="image">
                <posx>0</posx><posy>0</posy><width>800</width><height>800</height>
                <texture colordiffuse="FF151515">white.png</texture>
            </control>
            
            <control type="image">
                <posx>0</posx><posy>0</posy><width>800</width><height>800</height>
                <texture border="2">white.png</texture>
                <colordiffuse>FFFF0000</colordiffuse>
                <bordersize>2</bordersize>
            </control>

            <control type="image">
                <posx>270</posx><posy>40</posy><width>260</width><height>260</height>
                <aspectratio>keep</aspectratio>
                <texture>$INFO[Window.Property(logo)]</texture>
            </control>

            <control type="label">
                <posx>0</posx><posy>310</posy><width>800</width><height>50</height>
                <font>font30_title</font>
                <textcolor>FFFF0000</textcolor>
                <align>center</align>
                <label>$INFO[Window.Property(title)]</label>
            </control>

            <control type="image">
                <posx>150</posx><posy>370</posy><width>500</width><height>2</height>
                <texture colordiffuse="33FFFFFF">white.png</texture>
            </control>

            <control type="textbox" id="100">
                <posx>40</posx><posy>400</posy><width>720</width><height>290</height>
                <font>font14</font>
                <textcolor>FFBBBBBB</textcolor>
                <align>center</align>
                <pagecontrol>9001</pagecontrol>
            </control>
            
            <control type="button" id="9000">
                <posx>50</posx><posy>710</posy><width>700</width><height>60</height>
                <texturefocus colordiffuse="FFFF0000">white.png</texturefocus>
                <texturenofocus colordiffuse="FF252525">white.png</texturenofocus>
                
                <label>$INFO[Window.Property(btn_label)]</label>
                
                <align>center</align>
                <font>font14</font>
                
                <textcolor>FFFFFFFF</textcolor>
                <focusedcolor>FFFFFFFF</focusedcolor>
                
                <onclick>Action(close)</onclick>
            </control>
            
            <control type="scrollbar" id="9001">
                <posx>760</posx><posy>400</posy><width>10</width><height>290</height>
                <texturesliderbackground colordiffuse="00FFFFFF">white.png</texturesliderbackground>
                <texturesliderbar colordiffuse="00FFFFFF">white.png</texturesliderbar>
                <texturesliderbarfocus colordiffuse="00FFFFFF">white.png</texturesliderbarfocus>
                <showonepage>false</showonepage>
                <orientation>vertical</orientation>
            </control>
        </control>
    </controls>
</window>