<?xml version="1.0" encoding="UTF-8"?>
<window type="dialog">
    <defaultcontrol always="true">9000</defaultcontrol>
    <coordinates><system>1</system><posx>0</posx><posy>0</posy></coordinates>

    <animation type="WindowOpen" reversible="false">
        <effect type="slide" start="0,1080" end="0,0" time="400" tween="cubic" easing="out" />
        <effect type="fade" start="0" end="100" time="400" />
    </animation>

    <controls>
        <!-- Fundo Fanart -->
        <control type="image">
            <posx>0</posx><posy>0</posy><width>1920</width><height>1080</height>
            <texture background="true">$INFO[Window.Property(fanart)]</texture>
            <colordiffuse>FF404040</colordiffuse>
            <aspectratio>scale</aspectratio>
        </control>
        <control type="image">
            <posx>0</posx><posy>0</posy><width>1920</width><height>1080</height>
            <texture colordiffuse="E6000000">colors/black.png</texture>
        </control>

        <!-- FRAME CENTRAL -->
        <control type="group">
            <posx>110</posx><posy>140</posy><width>1700</width><height>800</height>

            <!-- Fundo Painel -->
            <control type="image">
                <posx>0</posx><posy>0</posy><width>1700</width><height>800</height>
                <texture colordiffuse="FF121212">white.png</texture>
            </control>
            <!-- Enquadramento Verde -->
            <control type="image">
                <posx>0</posx><posy>0</posy><width>1700</width><height>800</height>
                <texture border="2">white.png</texture>
                <colordiffuse>FF00FF00</colordiffuse>
                <bordersize>2</bordersize>
            </control>

            <!-- Pôster -->
            <control type="image" id="100">
                <posx>50</posx><posy>50</posy>
                <width>460</width><height>700</height>
                <aspectratio>scale</aspectratio>
                <texture fallback="DefaultVideo.png"></texture>
                <bordertexture border="2">white.png</bordertexture>
                <bordersize>2</bordersize>
                <colordiffuse>FFFFFFFF</colordiffuse>
            </control>

            <!-- Conteúdo -->
            <control type="group">
                <posx>560</posx><posy>50</posy>
                
                <control type="label" id="101">
                    <posx>0</posx><posy>0</posy><width>1050</width><height>80</height>
                    <font>font48</font> 
                    <textcolor>white</textcolor>
                    <shadowcolor>black</shadowcolor>
                    <label>Título do Filme</label>
                    <scroll>true</scroll>
                </control>
                
                <control type="label">
                    <posx>0</posx><posy>80</posy><width>1050</width><height>40</height>
                    <font>font13_title</font><textcolor>FF00FF00</textcolor>
                    <label>$INFO[Window.Property(rating)]   •   $INFO[Window.Property(year)]   •   $INFO[Window.Property(genre)]</label>
                </control>

                <control type="textbox" id="103">
                    <posx>0</posx><posy>140</posy>
                    <width>1050</width><height>300</height>
                    <font>font12</font>
                    <textcolor>FFCCCCCC</textcolor>
                    <align>justify</align>
                    <label>Sinopse...</label>
                </control>
                
                <control type="list" id="200">
                    <posx>0</posx><posy>460</posy>
                    <width>1050</width><height>160</height>
                    <onup>9000</onup><ondown>9000</ondown>
                    <itemlayout height="40">
                        <control type="label">
                            <posx>0</posx><width>1050</width><height>40</height>
                            <font>font12</font><textcolor>gray</textcolor>
                            <label>$INFO[ListItem.Label]</label>
                        </control>
                    </itemlayout>
                    <focusedlayout height="40">
                        <control type="label">
                            <posx>0</posx><width>1050</width><height>40</height>
                            <font>font12</font><textcolor>white</textcolor>
                            <label>$INFO[ListItem.Label]</label>
                        </control>
                    </focusedlayout>
                </control>

                <!-- BOTÕES -->
                <control type="group">
                    <posx>0</posx><posy>660</posy>
                    
                    <!-- Botão ASSISTIR (Verde) -->
                    <control type="button" id="9000">
                        <posx>0</posx><posy>0</posy><width>400</width><height>60</height>
                        <onright>9001</onright><onup>200</onup>
                        
                        <texturefocus colordiffuse="FF00FF00">white.png</texturefocus>
                        <texturenofocus colordiffuse="FF333333">white.png</texturenofocus>
                        
                        <label>ASSISTIR FILME</label>
                        <font>font14</font>
                        <align>center</align>
                        <textcolor>FFFFFFFF</textcolor>
                        <focusedcolor>FFFFFFFF</focusedcolor>
                    </control>

                    <!-- Botão VOLTAR -->
                    <control type="button" id="9001">
                        <posx>420</posx><posy>0</posy><width>200</width><height>60</height>
                        <onleft>9000</onleft><onup>200</onup>
                        
                        <texturefocus colordiffuse="FFFF0000">white.png</texturefocus>
                        <texturenofocus colordiffuse="FF333333">white.png</texturenofocus>
                        
                        <label>VOLTAR</label>
                        <font>font14</font>
                        <align>center</align>
                        <textcolor>FFFFFFFF</textcolor>
                        <focusedcolor>FFFFFFFF</focusedcolor>
                    </control>
                </control>
            </control>
        </control>
    </controls>
</window>