<?xml version="1.0" encoding="UTF-8"?>
<window type="dialog" id="14000">
    <defaultcontrol always="true">3000</defaultcontrol>

    <coordinates>
        <system>1</system>
        <posx>0</posx>
        <posy>0</posy>
    </coordinates>

    <controls>
        <!-- Fundo Dimmer -->
        <control type="image">
            <description>Fundo Dimmer</description>
            <posx>0</posx>
            <posy>0</posy>
            <width>1920</width>
            <height>1080</height>
            <texture>colors/black.png</texture>
            <colordiffuse>F2000000</colordiffuse>
        </control>
        
        <!-- Painel de Fundo Sólido -->
        <control type="image">
            <description>Painel de Fundo Sólido</description>
            <posx>410</posx>
            <posy>165</posy>
            <width>1100</width>
            <height>750</height>
            <texture colordiffuse="ff181818">white.png</texture>
        </control>

        <!-- Título Principal (MODIFICADO) -->
        <control type="label" id="101">
            <description>Título</description>
            <posx>440</posx>
            <posy>200</posy>
            <width>1040</width>
            <height>40</height>
            <font>font30_title</font>
            <textcolor>gold</textcolor>
            <align>center</align>
            <label>[B]CONTATO E SUPORTE TVSTREAMX[/B]</label>
        </control>

        <!-- Ícone -->
        <control type="image">
            <description>Logo Customizado</description>
            <posx>835</posx>
            <posy>275</posy>
            <width>250</width>
            <height>250</height>
            <aspectratio>keep</aspectratio>
            <texture>$INFO[Window.Property(logo_image)]</texture>
        </control>
        
        <!-- Caixa de Texto com a Mensagem Principal (MODIFICADA) -->
        <control type="textbox" id="201">
            <description>Mensagem</description>
            <posx>460</posx>
            <posy>555</posy>
            <width>1000</width>
            <height>180</height>
            <font>font10</font>
            <textcolor>white</textcolor>
            <align>center</align>
            <label>Sua opinião é fundamental para nós![CR][CR]Encontrou algum [B]problema[/B] em alguma lista? Tem alguma [B]sugestão[/B] para melhorar o addon? [CR][CR]Use o canal de contato abaixo para falar diretamente com a equipe. Agradecemos seu apoio!</label>
        </control>

        <!-- Informação do Telegram (MODIFICADA) -->
        <control type="label" id="202">
            <description>Contato Telegram</description>
            <posx>440</posx>
            <posy>760</posy>
            <width>1040</width>
            <height>40</height>
            <font>font16_title</font>
            <textcolor>deepskyblue</textcolor>
            <align>center</align>
            <label>[B]Canal de Suporte (Suporte):[/B]  t.me/tvstreamx</label>
        </control>

        <!-- Botão Fechar -->
        <control type="button" id="3000">
            <description>Botão Fechar</description>
            <posx>860</posx>
            <posy>835</posy>
            <width>200</width>
            <height>50</height>
            <texturenofocus colordiffuse="ff606060" border="5">white.png</texturenofocus>
            <texturefocus colordiffuse="ffffffff" border="5">white.png</texturefocus>
            <label>Fechar</label>
            <font>font13_title</font>
            <align>center</align>
            <textcolor>ffffffff</textcolor>
            <focusedcolor>ff000000</focusedcolor>
            <onclick>Action(close)</onclick>
        </control>
        
    </controls>
</window>