<?xml version="1.0" encoding="UTF-8"?>
<window type="dialog">
    <defaultcontrol always="true">9000</defaultcontrol>
    <coordinates>
        <system>1</system>
        <posx>0</posx>
        <posy>0</posy>
    </coordinates>

    <controls>
        <!-- 1. Fundo Dimmer (Igual ao Live) -->
        <control type="image">
            <posx>0</posx>
            <posy>0</posy>
            <width>1920</width>
            <height>1080</height>
            <texture colordiffuse="F2000000">colors/black.png</texture>
        </control>

        <!-- 2. Painel de Fundo Sólido -->
        <control type="image">
            <posx>410</posx>
            <posy>165</posy>
            <width>1100</width>
            <height>750</height>
            <texture colordiffuse="ff181818">white.png</texture>
        </control>

        <!-- 3. Título da Série (Topo) -->
        <control type="label" id="101">
            <posx>440</posx>
            <posy>180</posy>
            <width>1040</width>
            <height>40</height>
            <font>font30_title</font>
            <textcolor>gold</textcolor>
            <align>center</align>
            <label>Carregando...</label>
            <shadowcolor>FF000000</shadowcolor>
        </control>

        <!-- 4. Pôster da Série -->
        <control type="image" id="100">
            <posx>440</posx>
            <posy>240</posy>
            <width>220</width>
            <height>330</height> <!-- Formato Pôster -->
            <aspectratio align="center" aligny="center">scale</aspectratio>
            <texture fallback="DefaultVideo.png"></texture>
            <bordertexture border="2">white.png</bordertexture>
            <bordersize>1</bordersize>
        </control>

        <!-- 5. Sinopse e Detalhes -->
        <control type="group">
            <posx>680</posx>
            <posy>240</posy>
            <width>790</width>
            <height>330</height>

            <!-- Label "Sinopse" -->
            <control type="label">
                <posx>0</posx>
                <posy>0</posy>
                <width>790</width>
                <height>30</height>
                <font>font13_title</font>
                <textcolor>deepskyblue</textcolor>
                <label>SINOPSE:</label>
                <shadowcolor>FF000000</shadowcolor>
            </control>

            <!-- Texto da Sinopse -->
            <control type="textbox" id="103">
                <posx>0</posx>
                <posy>35</posy>
                <width>790</width>
                <height>290</height>
                <font>font12</font>
                <textcolor>white</textcolor>
                <align>justify</align>
                <autoscroll>false</autoscroll>
                <label></label>
            </control>
        </control>

        <!-- 6. Linha Divisória -->
        <control type="image">
            <posx>440</posx>
            <posy>590</posy>
            <width>1040</width>
            <height>2</height>
            <texture colordiffuse="FF555555">white.png</texture>
        </control>

        <!-- 7. Lista de Ficha Técnica (Ano, Elenco, etc) -->
        <control type="list" id="200">
            <posx>440</posx>
            <posy>610</posy>
            <width>1040</width>
            <height>190</height>
            <onup>9000</onup>
            <ondown>9000</ondown>
            <pagecontrol>60</pagecontrol>
            <scrolltime>200</scrolltime>
            
            <itemlayout height="35">
                <control type="label">
                    <posx>10</posx>
                    <posy>0</posy>
                    <width>1000</width>
                    <height>35</height>
                    <font>font12</font>
                    <textcolor>FFAAAAAA</textcolor>
                    <aligny>center</aligny>
                    <label>$INFO[ListItem.Label]</label>
                </control>
            </itemlayout>
            
            <focusedlayout height="35">
                <control type="image">
                    <width>1040</width>
                    <height>35</height>
                    <texture colordiffuse="ff303030">white.png</texture>
                </control>
                <control type="label">
                    <posx>10</posx>
                    <posy>0</posy>
                    <width>1000</width>
                    <height>35</height>
                    <font>font13_title</font>
                    <textcolor>gold</textcolor>
                    <aligny>center</aligny>
                    <shadowcolor>FF000000</shadowcolor>
                    <label>$INFO[ListItem.Label]</label>
                </control>
            </focusedlayout>
        </control>

        <!-- 8. Botões -->
        <control type="group">
            <posx>560</posx>
            <posy>835</posy>
            
            <!-- Botão Ver Temporadas (VERDE) -->
            <control type="button" id="9000">
                <posx>0</posx>
                <posy>0</posy>
                <width>380</width>
                <height>50</height>
                <onleft>9001</onleft>
                <onright>9001</onright>
                <onup>200</onup>
                <ondown>200</ondown>
                <texturenofocus colordiffuse="ff606060" border="5">white.png</texturenofocus>
                <texturefocus colordiffuse="FF00FF00" border="5">white.png</texturefocus>
                <label>VER TEMPORADAS</label> <!-- AQUI ESTÁ A MUDANÇA CRUCIAL -->
                <font>font13_title</font>
                <align>center</align>
                <textcolor>ffffffff</textcolor>
                <focusedcolor>FF00FF00</focusedcolor>
            </control>

            <!-- Botão Fechar (VERMELHO) -->
            <control type="button" id="9001">
                <posx>420</posx>
                <posy>0</posy>
                <width>380</width>
                <height>50</height>
                <onleft>9000</onleft>
                <onright>9000</onright>
                <onup>200</onup>
                <ondown>200</ondown>
                <texturenofocus colordiffuse="ff606060" border="5">white.png</texturenofocus>
                <texturefocus colordiffuse="FFFF0000" border="5">white.png</texturefocus>
                <label>FECHAR</label>
                <font>font13_title</font>
                <align>center</align>
                <textcolor>ffffffff</textcolor>
                <focusedcolor>ffffffff</focusedcolor>
            </control>
        </control>

    </controls>
</window>