<?xml version="1.0" encoding="UTF-8" standalone="yes"?>
<addon id="repository.streamxtv.matrix"
       name="[COLOR lime]REPOSITORIO[/COLOR] [COLOR red]STREAM[/COLOR][COLOR red]XTV[/COLOR] [COLOR cyan]MATRIX[/COLOR]"
       version="2.5.6"
       provider-name="CRIADO POR BL4444CK">
    <requires>
        <import addon="xbmc.addon" version="12.0.0"/>
        <import addon="xbmc.python" version="3.0.0"/>
    </requires>

    <extension point="xbmc.addon.repository" name="[COLOR lime]REPOSITORIO[/COLOR] [COLOR red]STREAM[/COLOR][COLOR red]XTV[/COLOR] [COLOR cyan]MATRIX[/COLOR]">
        <dir miniversion="18.9.1">
            <!-- CORREÇÃO: Links apontando para o GitHub Pages, que funciona 100% -->
            <info compressed="false">https://streamxtv.pages.dev/matrix/addons.xml</info>
            <checksum>https://streamxtv.pages.dev/matrix/addons.xml.md5</checksum>
            <datadir zip="true">https://streamxtv.pages.dev/matrix/</datadir>
        </dir>
    </extension>

    <extension point="xbmc.addon.metadata">
        <summary>repositório streamxtv matrix</summary>
        <description>repositório oficial streamxtv (kodi 19)</description>
        <platform>all</platform>
        <assets>
            <icon>icon.png</icon>
            <fanart>fanart.jpg</fanart>
        </assets>
    </extension>
</addon>