<?xml version="1.0" encoding="UTF-8"?>
<window type="dialog" id="14000">
    <defaultcontrol always="true">3000</defaultcontrol>
    <coordinates><system>1</system><posx>0</posx><posy>0</posy></coordinates>
    
    <animation type="WindowOpen" reversible="false">
        <effect type="zoom" center="auto" start="80" end="100" time="300" tween="back" easing="out" />
        <effect type="fade" start="0" end="100" time="300" />
    </animation>

    <controls>
        <control type="image">
            <posx>0</posx><posy>0</posy><width>1920</width><height>1080</height>
            <texture colordiffuse="F0000000">colors/black.png</texture>
        </control>
        
        <control type="group">
            <posx>560</posx><posy>140</posy><width>800</width><height>800</height>

            <control type="image">
                <posx>0</posx><posy>0</posy><width>800</width><height>800</height>
                <texture colordiffuse="FF151515">white.png</texture>
            </control>
            
            <control type="image">
                <posx>0</posx><posy>0</posy><width>800</width><height>800</height>
                <texture border="2">white.png</texture>
                <colordiffuse>FF00FF00</colordiffuse>
                <bordersize>2</bordersize>
            </control>

            <control type="image">
                <posx>300</posx><posy>50</posy><width>200</width><height>200</height>
                <aspectratio>keep</aspectratio>
                <texture>$INFO[Window.Property(logo_image)]</texture>
            </control>

            <control type="label" id="101">
                <posx>0</posx><posy>270</posy><width>800</width><height>40</height>
                <font>font30_title</font>
                <textcolor>white</textcolor>
                <align>center</align>
                <label>FALE CONOSCO</label>
            </control>

            <control type="textbox" id="201">
                <posx>50</posx><posy>350</posy><width>700</width><height>300</height>
                <font>font12</font>
                <textcolor>FFBBBBBB</textcolor>
                <align>center</align>
                <label>Entre no nosso grupo oficial para suporte, pedidos e novidades.</label>
            </control>
            
            <control type="label" id="202">
                <posx>0</posx><posy>550</posy><width>800</width><height>40</height>
                <font>font14</font>
                <textcolor>FF00FF00</textcolor>
                <align>center</align>
            </control>

            <!-- Botão Fechar -->
            <control type="button" id="3000">
                <posx>50</posx><posy>650</posy><width>700</width><height>60</height>
                <texturefocus colordiffuse="FF00FF00">white.png</texturefocus>
                <texturenofocus colordiffuse="FF252525">white.png</texturenofocus>
                <label>FECHAR</label>
                <align>center</align>
                <textcolor>FFFFFFFF</textcolor>
                <focusedcolor>FFFFFFFF</focusedcolor>
                <onclick>Action(close)</onclick>
            </control>

            <!-- BOTÃO DE TESTE (NOVO) -->
            <control type="button" id="3001">
                <posx>250</posx><posy>730</posy><width>300</width><height>40</height>
                <texturefocus colordiffuse="FF0000FF">white.png</texturefocus>
                <texturenofocus colordiffuse="00000000">white.png</texturenofocus>
                <label>[ TESTAR TELEGRAM ]</label>
                <align>center</align>
                <font>font12</font>
                <textcolor>FF555555</textcolor>
                <focusedcolor>FFFFFFFF</focusedcolor>
                <onclick>Action(close)</onclick>
            </control>
        </control>
    </controls>
</window>