<?xml version="1.0" encoding="UTF-8"?>
<window type="dialog">
    <defaultcontrol always="true">2001</defaultcontrol>
    <coordinates><system>1</system><posx>0</posx><posy>0</posy></coordinates>
    
    <animation effect="fade" start="0" end="100" time="300">WindowOpen</animation>
    <animation effect="fade" start="100" end="0" time="300">WindowClose</animation>

    <controls>
        <control type="image">
            <posx>0</posx><posy>0</posy><width>1920</width><height>1080</height>
            <texture colordiffuse="FF000000">colors/black.png</texture>
        </control>
        
        <control type="group">
            <posx>260</posx> 
            <posy>240</posy> 
            <width>1400</width>
            <height>600</height>

            <control type="image" id="100">
                <posx>50</posx><posy>50</posy><width>500</width><height>500</height>
                <aspectratio>keep</aspectratio>
                <texture>icon3.png</texture>
            </control>

            <control type="group">
                <posx>640</posx><posy>60</posy>
                
                <control type="label">
                    <posx>0</posx><posy>0</posy><width>700</width><height>50</height>
                    <font>font45_title</font>
                    <label>LOGIN TVSTREAMX</label>
                    <textcolor>FF00FF00</textcolor>
                    <align>left</align>
                </control>

                <control type="textbox">
                    <posx>0</posx><posy>60</posy><width>680</width><height>80</height>
                    <font>font12</font>
                    <textcolor>gold</textcolor>
                    <align>left</align>
                    <label>Este projeto é mantido pela comunidade. Para atualizações e melhorias, considere fazer uma contribuição.</label>
                </control>

                <control type="button" id="2001">
                    <posx>0</posx><posy>180</posy><width>680</width><height>60</height>
                    <label>Usuário...</label>
                    <font>font14</font>
                    <textoffsetx>70</textoffsetx> <textcolor>FFFFFFFF</textcolor>
                    <focusedcolor>FF000000</focusedcolor>
                    <texturefocus border="30" colordiffuse="FF00FF00">colors/white.png</texturefocus>
                    <texturenofocus border="30" colordiffuse="FF777777">colors/white.png</texturenofocus>
                    <onup>3000</onup><ondown>2002</ondown>
                </control>
                <control type="image">
                    <posx>15</posx><posy>192</posy><width>35</width><height>35</height>
                    <texture>DefaultUser.png</texture>
                    <colordiffuse>FFFFFFFF</colordiffuse>
                </control>

                <control type="button" id="2002">
                    <posx>0</posx><posy>260</posy><width>680</width><height>60</height>
                    <label>Senha...</label>
                    <font>font14</font>
                    <textoffsetx>70</textoffsetx>
                    <textcolor>FFFFFFFF</textcolor>
                    <focusedcolor>FF000000</focusedcolor>
                    <texturefocus border="30" colordiffuse="FF00FF00">colors/white.png</texturefocus>
                    <texturenofocus border="30" colordiffuse="FF777777">colors/white.png</texturenofocus>
                    <onup>2001</onup><ondown>3001</ondown>
                </control>
                <control type="image">
                    <posx>15</posx><posy>272</posy><width>35</width><height>35</height>
                    <texture>DefaultAddonService.png</texture>
                    <colordiffuse>FFFFFFFF</colordiffuse>
                </control>

                <control type="button" id="3001">
                    <posx>0</posx><posy>380</posy><width>680</width><height>70</height>
                    <label>[B]ENTRAR NO SISTEMA[/B]</label>
                    <font>font14_title</font>
                    <align>center</align>
                    <texturefocus border="35" colordiffuse="FF00FF00">colors/white.png</texturefocus>
                    <texturenofocus border="35" colordiffuse="FF333333">colors/white.png</texturenofocus>
                    <onup>2002</onup><ondown>3000</ondown>
                </control>
            </control>

            <control type="button" id="3000">
                <posx>1340</posx><posy>10</posy><width>50</width><height>50</height>
                <label>X</label>
                <font>font13_title</font>
                <textcolor>FFFFFFFF</textcolor>
                <focusedcolor>FFFF0000</focusedcolor>
                <onleft>3001</onleft><ondown>2001</ondown>
                <onclick>Action(close)</onclick>
            </control>
        </control>
    </controls>
</window>
