<?xml version="1.0" encoding="UTF-8"?>
<window type="dialog">
    <defaultcontrol always="true">9000</defaultcontrol>
    <coordinates><system>1</system><posx>0</posx><posy>0</posy></coordinates>

    <animation type="WindowOpen" reversible="false">
        <effect type="fade" start="0" end="100" time="300" />
        <effect type="zoom" start="90" end="100" center="auto" time="300" />
    </animation>

    <controls>
        <!-- Fundo Escuro Total -->
        <control type="image">
            <posx>0</posx><posy>0</posy><width>1920</width><height>1080</height>
            <texture colordiffuse="F8000000">colors/black.png</texture>
        </control>

        <!-- FRAME CENTRAL (TV) -->
        <control type="group">
            <posx>110</posx><posy>140</posy><width>1700</width><height>800</height>

            <!-- Fundo Painel -->
            <control type="image">
                <posx>0</posx><posy>0</posy><width>1700</width><height>800</height>
                <texture colordiffuse="FF121212">white.png</texture>
            </control>
            <!-- Borda Verde -->
            <control type="image">
                <posx>0</posx><posy>0</posy><width>1700</width><height>800</height>
                <texture border="2">white.png</texture>
                <colordiffuse>FF00FF00</colordiffuse>
                <bordersize>2</bordersize>
            </control>

            <!-- Esquerda: Logo do Canal -->
            <control type="group">
                <posx>50</posx><posy>50</posy>
                
                <control type="image" id="100">
                    <posx>0</posx><posy>0</posy>
                    <width>500</width><height>500</height>
                    <aspectratio>keep</aspectratio>
                    <texture fallback="DefaultVideo.png"></texture>
                </control>
                
                <control type="label" id="101">
                    <posx>0</posx><posy>520</posy><width>500</width><height>50</height>
                    <font>font30_title</font>
                    <align>center</align>
                    <textcolor>white</textcolor>
                    <label>Nome do Canal</label>
                </control>
                
                <control type="label" id="102">
                    <posx>0</posx><posy>580</posy><width>500</width><height>30</height>
                    <font>font12</font>
                    <align>center</align>
                    <textcolor>FF00FF00</textcolor>
                    <label>No ar agora</label>
                </control>
            </control>

            <!-- Divisória -->
            <control type="image">
                <posx>600</posx><posy>50</posy>
                <width>2</width><height>700</height>
                <texture colordiffuse="FF333333">white.png</texture>
            </control>

            <!-- Direita: EPG -->
            <control type="group">
                <posx>650</posx><posy>50</posy>
                
                <control type="label">
                    <posx>0</posx><posy>0</posy><width>800</width><height>40</height>
                    <label>PROGRAMAÇÃO</label>
                    <font>font14</font><textcolor>yellow</textcolor>
                </control>

                <control type="textbox" id="103">
                    <posx>0</posx><posy>60</posy>
                    <width>1000</width><height>150</height>
                    <font>font12</font>
                    <textcolor>white</textcolor>
                    <align>justify</align>
                </control>

                <control type="list" id="200">
                    <posx>0</posx><posy>240</posy>
                    <width>1000</width><height>400</height>
                    <onup>9000</onup><ondown>9000</ondown>
                    <itemlayout height="60">
                        <control type="label">
                            <posx>10</posx><posy>0</posy><width>980</width><height>60</height>
                            <font>font12</font><textcolor>FFAAAAAA</textcolor>
                            <aligny>center</aligny>
                            <label>$INFO[ListItem.Label]</label>
                        </control>
                    </itemlayout>
                    <focusedlayout height="60">
                        <control type="image">
                            <width>1000</width><height>60</height>
                            <texture colordiffuse="FF202020">white.png</texture>
                        </control>
                        <control type="image"> <!-- Marcador Verde -->
                            <posx>0</posx><width>5</width><height>60</height>
                            <texture colordiffuse="FF00FF00">white.png</texture>
                        </control>
                        <control type="label">
                            <posx>20</posx><posy>0</posy><width>980</width><height>60</height>
                            <font>font13_title</font><textcolor>white</textcolor>
                            <aligny>center</aligny>
                            <label>$INFO[ListItem.Label]</label>
                        </control>
                    </focusedlayout>
                </control>

                <!-- BOTÕES -->
                <control type="group">
                    <posx>0</posx><posy>660</posy>
                    
                    <!-- Botão ASSISTIR (Verde) -->
                    <control type="button" id="9000">
                        <posx>0</posx><width>400</width><height>60</height>
                        <onright>9001</onright><onup>200</onup>
                        <texturefocus colordiffuse="FF00FF00">white.png</texturefocus>
                        <texturenofocus colordiffuse="FF333333">white.png</texturenofocus>
                        <label>ASSISTIR CANAL</label>
                        <align>center</align>
                        <textcolor>FFFFFFFF</textcolor>
                        <focusedcolor>FFFFFFFF</focusedcolor>
                    </control>
                    
                    <!-- Botão FECHAR -->
                    <control type="button" id="9001">
                        <posx>420</posx><width>200</width><height>60</height>
                        <onleft>9000</onleft><onup>200</onup>
                        <texturefocus colordiffuse="FFFF0000">white.png</texturefocus>
                        <texturenofocus colordiffuse="FF333333">white.png</texturenofocus>
                        <label>FECHAR</label>
                        <align>center</align>
                        <textcolor>FFFFFFFF</textcolor>
                        <focusedcolor>FFFFFFFF</focusedcolor>
                    </control>
                </control>
            </control>
        </control>
    </controls>
</window>