<?xml version="1.0" encoding="UTF-8"?>
<window type="dialog"> 
    <defaultcontrol always="true">100</defaultcontrol>
    <coordinates>
        <system>1</system>
        <posx>0</posx>
        <posy>0</posy>
    </coordinates>
    
    <animation type="WindowOpen" reversible="false">
        <effect type="fade" start="0" end="100" time="300" />
    </animation>

    <controls>
        <!-- Fundo Escuro Total -->
        <control type="image">
            <posx>0</posx>
            <posy>0</posy>
            <width>1920</width>
            <height>1080</height>
            <texture colordiffuse="F5000000">colors/black.png</texture>
        </control>

        <!-- GRUPO CENTRALIZADO -->
        <control type="group">
            <posx>460</posx>
            <posy>340</posy>
            <width>1000</width>
            <height>400</height>

            <!-- Seu Logo -->
            <control type="image">
                <posx>400</posx>
                <posy>0</posy>
                <width>200</width>
                <height>200</height>
                <texture>$INFO[Window.Property(logo_path)]</texture>
                <aspectratio>keep</aspectratio>
                <animation effect="zoom" start="100" end="105" center="auto" time="1000" pulse="true" condition="true">Conditional</animation>
            </control>

            <!-- Título -->
            <control type="label" id="100">
                <posx>0</posx>
                <posy>220</posy>
                <width>1000</width>
                <height>40</height>
                <font>font30_title</font>
                <textcolor>gold</textcolor>
                <align>center</align>
                <label>$INFO[Window.Property(heading)]</label>
            </control>

            <!-- Status -->
            <control type="label" id="101">
                <posx>0</posx>
                <posy>270</posy>
                <width>1000</width>
                <height>30</height>
                <font>font12</font>
                <textcolor>FFCCCCCC</textcolor>
                <align>center</align>
                <label>$INFO[Window.Property(message)]</label>
            </control>

            <!-- BARRA DE PROGRESSO -->
            <!-- Fundo da linha (Cinza) -->
            <control type="image">
                <posx>100</posx>
                <posy>330</posy>
                <width>800</width>
                <height>4</height>
                <texture colordiffuse="FF303030">white.png</texture>
            </control>
            
            <!-- Linha de Preenchimento (Dourada) -->
            <control type="image" id="102">
                <posx>100</posx>
                <posy>330</posy>
                <!-- Controlado pelo Helper.py (0 a 800) -->
                <width>$INFO[Window.Property(progress_width)]</width> 
                <height>4</height>
                <!-- FIX: Se você não tiver white.png, o Kodi usa a cor difusa como fallback -->
                <texture colordiffuse="FFD700">white.png</texture>
            </control>
            
            <!-- Porcentagem -->
            <control type="label" id="103">
                <posx>0</posx>
                <posy>350</posy>
                <width>1000</width>
                <height>30</height>
                <font>font10</font>
                <textcolor>gray</textcolor>
                <align>center</align>
                <label>$INFO[Window.Property(percent)]%</label>
            </control>
        </control>
        
        <control type="button" id="1000">
            <posx>-10</posx><posy>-10</posy><width>1</width><height>1</height><visible>false</visible>
        </control>

    </controls>
</window>